<?xml version="1.0" encoding="utf-8"?>
	<annotation>
		<folder>driving_annotation_dataset</folder>
		<filename>BloodImage_00220.jpg</filename>
		<size>
			<width>640</width>
			<height>480</height>
			<depth>3</depth>
		</size>
		<object>
			<name>RBC</name>
			<pose>Unspecified</pose>
			<truncated>0</truncated>
			<difficult>0</difficult>
			<bndbox>
				<xmin>12</xmin>
				<ymin>73</ymin>
				<xmax>130</xmax>
				<ymax>190</ymax>
			</bndbox>
		</object>
		<object>
			<name>RBC</name>
			<pose>Unspecified</pose>
			<truncated>0</truncated>
			<difficult>0</difficult>
			<bndbox>
				<xmin>117</xmin>
				<ymin>26</ymin>
				<xmax>256</xmax>
				<ymax>145</ymax>
			</bndbox>
		</object>
		<object>
			<name>RBC</name>
			<pose>Unspecified</pose>
			<truncated>0</truncated>
			<difficult>0</difficult>
			<bndbox>
				<xmin>548</xmin>
				<ymin>338</ymin>
				<xmax>638</xmax>
				<ymax>432</ymax>
			</bndbox>
		</object>
		<object>
			<name>RBC</name>
			<pose>Unspecified</pose>
			<truncated>0</truncated>
			<difficult>0</difficult>
			<bndbox>
				<xmin>470</xmin>
				<ymin>176</ymin>
				<xmax>572</xmax>
				<ymax>270</ymax>
			</bndbox>
		</object>
		<object>
			<name>RBC</name>
			<pose>Unspecified</pose>
			<truncated>0</truncated>
			<difficult>0</difficult>
			<bndbox>
				<xmin>215</xmin>
				<ymin>191</ymin>
				<xmax>323</xmax>
				<ymax>284</ymax>
			</bndbox>
		</object>
		<object>
			<name>RBC</name>
			<pose>Unspecified</pose>
			<truncated>0</truncated>
			<difficult>0</difficult>
			<bndbox>
				<xmin>167</xmin>
				<ymin>140</ymin>
				<xmax>271</xmax>
				<ymax>245</ymax>
			</bndbox>
		</object>
		<object>
			<name>RBC</name>
			<pose>Unspecified</pose>
			<truncated>0</truncated>
			<difficult>0</difficult>
			<bndbox>
				<xmin>355</xmin>
				<ymin>331</ymin>
				<xmax>459</xmax>
				<ymax>439</ymax>
			</bndbox>
		</object>
		<object>
			<name>RBC</name>
			<pose>Unspecified</pose>
			<truncated>0</truncated>
			<difficult>0</difficult>
			<bndbox>
				<xmin>467</xmin>
				<ymin>98</ymin>
				<xmax>571</xmax>
				<ymax>218</ymax>
			</bndbox>
		</object>
		<object>
			<name>RBC</name>
			<pose>Unspecified</pose>
			<truncated>0</truncated>
			<difficult>0</difficult>
			<bndbox>
				<xmin>446</xmin>
				<ymin>300</ymin>
				<xmax>540</xmax>
				<ymax>411</ymax>
			</bndbox>
		</object>
		<object>
			<name>WBC</name>
			<pose>Unspecified</pose>
			<truncated>0</truncated>
			<difficult>0</difficult>
			<bndbox>
				<xmin>262</xmin>
				<ymin>17</ymin>
				<xmax>468</xmax>
				<ymax>222</ymax>
			</bndbox>
		</object>
		<object>
			<name>Platelets</name>
			<pose>Unspecified</pose>
			<truncated>0</truncated>
			<difficult>0</difficult>
			<bndbox>
				<xmin>28</xmin>
				<ymin>191</ymin>
				<xmax>74</xmax>
				<ymax>238</ymax>
			</bndbox>
		</object>
		<object>
			<name>Platelets</name>
			<pose>Unspecified</pose>
			<truncated>0</truncated>
			<difficult>0</difficult>
			<bndbox>
				<xmin>546</xmin>
				<ymin>418</ymin>
				<xmax>595</xmax>
				<ymax>454</ymax>
			</bndbox>
		</object>
		<object>
			<name>RBC</name>
			<pose>Unspecified</pose>
			<truncated>0</truncated>
			<difficult>0</difficult>
			<bndbox>
				<xmin>130</xmin>
				<ymin>235</ymin>
				<xmax>208</xmax>
				<ymax>302</ymax>
			</bndbox>
		</object>
		<object>
			<name>RBC</name>
			<pose>Unspecified</pose>
			<truncated>0</truncated>
			<difficult>0</difficult>
			<bndbox>
				<xmin>113</xmin>
				<ymin>165</ymin>
				<xmax>191</xmax>
				<ymax>249</ymax>
			</bndbox>
		</object>
		<object>
			<name>RBC</name>
			<pose>Unspecified</pose>
			<truncated>0</truncated>
			<difficult>0</difficult>
			<bndbox>
				<xmin>279</xmin>
				<ymin>2</ymin>
				<xmax>382</xmax>
				<ymax>38</ymax>
			</bndbox>
		</object>
		<object>
			<name>RBC</name>
			<pose>Unspecified</pose>
			<truncated>0</truncated>
			<difficult>0</difficult>
			<bndbox>
				<xmin>2</xmin>
				<ymin>263</ymin>
				<xmax>49</xmax>
				<ymax>353</ymax>
			</bndbox>
		</object>
		<object>
			<name>RBC</name>
			<pose>Unspecified</pose>
			<truncated>0</truncated>
			<difficult>0</difficult>
			<bndbox>
				<xmin>45</xmin>
				<ymin>336</ymin>
				<xmax>140</xmax>
				<ymax>426</ymax>
			</bndbox>
		</object>
		<object>
			<name>RBC</name>
			<pose>Unspecified</pose>
			<truncated>0</truncated>
			<difficult>0</difficult>
			<bndbox>
				<xmin>113</xmin>
				<ymin>299</ymin>
				<xmax>202</xmax>
				<ymax>394</ymax>
			</bndbox>
		</object>
		<object>
			<name>RBC</name>
			<pose>Unspecified</pose>
			<truncated>0</truncated>
			<difficult>0</difficult>
			<bndbox>
				<xmin>194</xmin>
				<ymin>328</ymin>
				<xmax>299</xmax>
				<ymax>420</ymax>
			</bndbox>
		</object>
		<object>
			<name>RBC</name>
			<pose>Unspecified</pose>
			<truncated>0</truncated>
			<difficult>0</difficult>
			<bndbox>
				<xmin>513</xmin>
				<ymin>72</ymin>
				<xmax>594</xmax>
				<ymax>172</ymax>
			</bndbox>
		</object>
		<object>
			<name>RBC</name>
			<pose>Unspecified</pose>
			<truncated>0</truncated>
			<difficult>0</difficult>
			<bndbox>
				<xmin>583</xmin>
				<ymin>113</ymin>
				<xmax>639</xmax>
				<ymax>208</ymax>
			</bndbox>
		</object>
		<object>
			<name>RBC</name>
			<pose>Unspecified</pose>
			<truncated>0</truncated>
			<difficult>0</difficult>
			<bndbox>
				<xmin>393</xmin>
				<ymin>229</ymin>
				<xmax>480</xmax>
				<ymax>305</ymax>
			</bndbox>
		</object>
		<object>
			<name>RBC</name>
			<pose>Unspecified</pose>
			<truncated>0</truncated>
			<difficult>0</difficult>
			<bndbox>
				<xmin>569</xmin>
				<ymin>2</ymin>
				<xmax>639</xmax>
				<ymax>73</ymax>
			</bndbox>
		</object>
		<object>
			<name>RBC</name>
			<pose>Unspecified</pose>
			<truncated>0</truncated>
			<difficult>0</difficult>
			<bndbox>
				<xmin>236</xmin>
				<ymin>421</ymin>
				<xmax>323</xmax>
				<ymax>478</ymax>
			</bndbox>
		</object>
		<object>
			<name>Platelets</name>
			<pose>Unspecified</pose>
			<truncated>0</truncated>
			<difficult>0</difficult>
			<bndbox>
				<xmin>199</xmin>
				<ymin>426</ymin>
				<xmax>237</xmax>
				<ymax>464</ymax>
			</bndbox>
		</object>
		<object>
			<name>Platelets</name>
			<pose>Unspecified</pose>
			<truncated>0</truncated>
			<difficult>0</difficult>
			<bndbox>
				<xmin>527</xmin>
				<ymin>465</ymin>
				<xmax>560</xmax>
				<ymax>479</ymax>
			</bndbox>
		</object>
	</annotation>
