<?xml version="1.0" encoding="utf-8"?>
	<annotation>
		<folder>driving_annotation_dataset</folder>
		<filename>BloodImage_00237.jpg</filename>
		<size>
			<width>640</width>
			<height>480</height>
			<depth>3</depth>
		</size>
		<object>
			<name>RBC</name>
			<pose>Unspecified</pose>
			<truncated>0</truncated>
			<difficult>0</difficult>
			<bndbox>
				<xmin>2</xmin>
				<ymin>276</ymin>
				<xmax>72</xmax>
				<ymax>380</ymax>
			</bndbox>
		</object>
		<object>
			<name>RBC</name>
			<pose>Unspecified</pose>
			<truncated>0</truncated>
			<difficult>0</difficult>
			<bndbox>
				<xmin>182</xmin>
				<ymin>356</ymin>
				<xmax>312</xmax>
				<ymax>460</ymax>
			</bndbox>
		</object>
		<object>
			<name>RBC</name>
			<pose>Unspecified</pose>
			<truncated>0</truncated>
			<difficult>0</difficult>
			<bndbox>
				<xmin>101</xmin>
				<ymin>223</ymin>
				<xmax>201</xmax>
				<ymax>329</ymax>
			</bndbox>
		</object>
		<object>
			<name>RBC</name>
			<pose>Unspecified</pose>
			<truncated>0</truncated>
			<difficult>0</difficult>
			<bndbox>
				<xmin>516</xmin>
				<ymin>178</ymin>
				<xmax>622</xmax>
				<ymax>295</ymax>
			</bndbox>
		</object>
		<object>
			<name>RBC</name>
			<pose>Unspecified</pose>
			<truncated>0</truncated>
			<difficult>0</difficult>
			<bndbox>
				<xmin>359</xmin>
				<ymin>403</ymin>
				<xmax>455</xmax>
				<ymax>477</ymax>
			</bndbox>
		</object>
		<object>
			<name>RBC</name>
			<pose>Unspecified</pose>
			<truncated>0</truncated>
			<difficult>0</difficult>
			<bndbox>
				<xmin>72</xmin>
				<ymin>400</ymin>
				<xmax>181</xmax>
				<ymax>477</ymax>
			</bndbox>
		</object>
		<object>
			<name>RBC</name>
			<pose>Unspecified</pose>
			<truncated>0</truncated>
			<difficult>0</difficult>
			<bndbox>
				<xmin>2</xmin>
				<ymin>2</ymin>
				<xmax>94</xmax>
				<ymax>104</ymax>
			</bndbox>
		</object>
		<object>
			<name>RBC</name>
			<pose>Unspecified</pose>
			<truncated>0</truncated>
			<difficult>0</difficult>
			<bndbox>
				<xmin>406</xmin>
				<ymin>191</ymin>
				<xmax>511</xmax>
				<ymax>296</ymax>
			</bndbox>
		</object>
		<object>
			<name>RBC</name>
			<pose>Unspecified</pose>
			<truncated>0</truncated>
			<difficult>0</difficult>
			<bndbox>
				<xmin>190</xmin>
				<ymin>242</ymin>
				<xmax>319</xmax>
				<ymax>351</ymax>
			</bndbox>
		</object>
		<object>
			<name>RBC</name>
			<pose>Unspecified</pose>
			<truncated>0</truncated>
			<difficult>0</difficult>
			<bndbox>
				<xmin>302</xmin>
				<ymin>314</ymin>
				<xmax>420</xmax>
				<ymax>419</ymax>
			</bndbox>
		</object>
		<object>
			<name>RBC</name>
			<pose>Unspecified</pose>
			<truncated>0</truncated>
			<difficult>0</difficult>
			<bndbox>
				<xmin>99</xmin>
				<ymin>164</ymin>
				<xmax>179</xmax>
				<ymax>238</ymax>
			</bndbox>
		</object>
		<object>
			<name>WBC</name>
			<pose>Unspecified</pose>
			<truncated>0</truncated>
			<difficult>0</difficult>
			<bndbox>
				<xmin>207</xmin>
				<ymin>52</ymin>
				<xmax>439</xmax>
				<ymax>274</ymax>
			</bndbox>
		</object>
		<object>
			<name>RBC</name>
			<pose>Unspecified</pose>
			<truncated>0</truncated>
			<difficult>0</difficult>
			<bndbox>
				<xmin>161</xmin>
				<ymin>39</ymin>
				<xmax>243</xmax>
				<ymax>126</ymax>
			</bndbox>
		</object>
		<object>
			<name>RBC</name>
			<pose>Unspecified</pose>
			<truncated>0</truncated>
			<difficult>0</difficult>
			<bndbox>
				<xmin>459</xmin>
				<ymin>132</ymin>
				<xmax>542</xmax>
				<ymax>204</ymax>
			</bndbox>
		</object>
		<object>
			<name>RBC</name>
			<pose>Unspecified</pose>
			<truncated>0</truncated>
			<difficult>0</difficult>
			<bndbox>
				<xmin>428</xmin>
				<ymin>91</ymin>
				<xmax>515</xmax>
				<ymax>175</ymax>
			</bndbox>
		</object>
		<object>
			<name>RBC</name>
			<pose>Unspecified</pose>
			<truncated>0</truncated>
			<difficult>0</difficult>
			<bndbox>
				<xmin>489</xmin>
				<ymin>69</ymin>
				<xmax>565</xmax>
				<ymax>139</ymax>
			</bndbox>
		</object>
		<object>
			<name>RBC</name>
			<pose>Unspecified</pose>
			<truncated>0</truncated>
			<difficult>0</difficult>
			<bndbox>
				<xmin>463</xmin>
				<ymin>401</ymin>
				<xmax>542</xmax>
				<ymax>476</ymax>
			</bndbox>
		</object>
	</annotation>
