<?xml version="1.0" encoding="utf-8"?>
	<annotation>
		<folder>driving_annotation_dataset</folder>
		<filename>BloodImage_00217.jpg</filename>
		<size>
			<width>640</width>
			<height>480</height>
			<depth>3</depth>
		</size>
		<object>
			<name>RBC</name>
			<pose>Unspecified</pose>
			<truncated>0</truncated>
			<difficult>0</difficult>
			<bndbox>
				<xmin>252</xmin>
				<ymin>342</ymin>
				<xmax>362</xmax>
				<ymax>453</ymax>
			</bndbox>
		</object>
		<object>
			<name>RBC</name>
			<pose>Unspecified</pose>
			<truncated>0</truncated>
			<difficult>0</difficult>
			<bndbox>
				<xmin>319</xmin>
				<ymin>408</ymin>
				<xmax>435</xmax>
				<ymax>479</ymax>
			</bndbox>
		</object>
		<object>
			<name>RBC</name>
			<pose>Unspecified</pose>
			<truncated>0</truncated>
			<difficult>0</difficult>
			<bndbox>
				<xmin>408</xmin>
				<ymin>328</ymin>
				<xmax>518</xmax>
				<ymax>439</ymax>
			</bndbox>
		</object>
		<object>
			<name>RBC</name>
			<pose>Unspecified</pose>
			<truncated>0</truncated>
			<difficult>0</difficult>
			<bndbox>
				<xmin>414</xmin>
				<ymin>235</ymin>
				<xmax>499</xmax>
				<ymax>326</ymax>
			</bndbox>
		</object>
		<object>
			<name>RBC</name>
			<pose>Unspecified</pose>
			<truncated>0</truncated>
			<difficult>0</difficult>
			<bndbox>
				<xmin>318</xmin>
				<ymin>247</ymin>
				<xmax>428</xmax>
				<ymax>358</ymax>
			</bndbox>
		</object>
		<object>
			<name>RBC</name>
			<pose>Unspecified</pose>
			<truncated>0</truncated>
			<difficult>0</difficult>
			<bndbox>
				<xmin>204</xmin>
				<ymin>85</ymin>
				<xmax>314</xmax>
				<ymax>196</ymax>
			</bndbox>
		</object>
		<object>
			<name>RBC</name>
			<pose>Unspecified</pose>
			<truncated>0</truncated>
			<difficult>0</difficult>
			<bndbox>
				<xmin>157</xmin>
				<ymin>108</ymin>
				<xmax>264</xmax>
				<ymax>213</ymax>
			</bndbox>
		</object>
		<object>
			<name>RBC</name>
			<pose>Unspecified</pose>
			<truncated>0</truncated>
			<difficult>0</difficult>
			<bndbox>
				<xmin>281</xmin>
				<ymin>2</ymin>
				<xmax>385</xmax>
				<ymax>71</ymax>
			</bndbox>
		</object>
		<object>
			<name>RBC</name>
			<pose>Unspecified</pose>
			<truncated>0</truncated>
			<difficult>0</difficult>
			<bndbox>
				<xmin>390</xmin>
				<ymin>91</ymin>
				<xmax>500</xmax>
				<ymax>202</ymax>
			</bndbox>
		</object>
		<object>
			<name>RBC</name>
			<pose>Unspecified</pose>
			<truncated>0</truncated>
			<difficult>0</difficult>
			<bndbox>
				<xmin>444</xmin>
				<ymin>1</ymin>
				<xmax>550</xmax>
				<ymax>82</ymax>
			</bndbox>
		</object>
		<object>
			<name>RBC</name>
			<pose>Unspecified</pose>
			<truncated>0</truncated>
			<difficult>0</difficult>
			<bndbox>
				<xmin>31</xmin>
				<ymin>127</ymin>
				<xmax>155</xmax>
				<ymax>224</ymax>
			</bndbox>
		</object>
		<object>
			<name>RBC</name>
			<pose>Unspecified</pose>
			<truncated>0</truncated>
			<difficult>0</difficult>
			<bndbox>
				<xmin>107</xmin>
				<ymin>19</ymin>
				<xmax>223</xmax>
				<ymax>127</ymax>
			</bndbox>
		</object>
		<object>
			<name>WBC</name>
			<pose>Unspecified</pose>
			<truncated>0</truncated>
			<difficult>0</difficult>
			<bndbox>
				<xmin>74</xmin>
				<ymin>243</ymin>
				<xmax>236</xmax>
				<ymax>393</ymax>
			</bndbox>
		</object>
		<object>
			<name>RBC</name>
			<pose>Unspecified</pose>
			<truncated>0</truncated>
			<difficult>0</difficult>
			<bndbox>
				<xmin>65</xmin>
				<ymin>195</ymin>
				<xmax>169</xmax>
				<ymax>271</ymax>
			</bndbox>
		</object>
		<object>
			<name>RBC</name>
			<pose>Unspecified</pose>
			<truncated>0</truncated>
			<difficult>0</difficult>
			<bndbox>
				<xmin>549</xmin>
				<ymin>98</ymin>
				<xmax>638</xmax>
				<ymax>201</ymax>
			</bndbox>
		</object>
		<object>
			<name>RBC</name>
			<pose>Unspecified</pose>
			<truncated>0</truncated>
			<difficult>0</difficult>
			<bndbox>
				<xmin>511</xmin>
				<ymin>48</ymin>
				<xmax>594</xmax>
				<ymax>149</ymax>
			</bndbox>
		</object>
		<object>
			<name>Platelets</name>
			<pose>Unspecified</pose>
			<truncated>0</truncated>
			<difficult>0</difficult>
			<bndbox>
				<xmin>511</xmin>
				<ymin>285</ymin>
				<xmax>542</xmax>
				<ymax>322</ymax>
			</bndbox>
		</object>
	</annotation>
