<?xml version="1.0" encoding="utf-8"?>
	<annotation>
		<folder>driving_annotation_dataset</folder>
		<filename>BloodImage_00007.jpg</filename>
		<size>
			<width>640</width>
			<height>480</height>
			<depth>3</depth>
		</size>
		<object>
			<name>WBC</name>
			<pose>Unspecified</pose>
			<truncated>0</truncated>
			<difficult>0</difficult>
			<bndbox>
				<xmin>193</xmin>
				<ymin>92</ymin>
				<xmax>389</xmax>
				<ymax>287</ymax>
			</bndbox>
		</object>
		<object>
			<name>RBC</name>
			<pose>Unspecified</pose>
			<truncated>0</truncated>
			<difficult>0</difficult>
			<bndbox>
				<xmin>18</xmin>
				<ymin>298</ymin>
				<xmax>136</xmax>
				<ymax>403</ymax>
			</bndbox>
		</object>
		<object>
			<name>RBC</name>
			<pose>Unspecified</pose>
			<truncated>0</truncated>
			<difficult>0</difficult>
			<bndbox>
				<xmin>65</xmin>
				<ymin>373</ymin>
				<xmax>177</xmax>
				<ymax>478</ymax>
			</bndbox>
		</object>
		<object>
			<name>RBC</name>
			<pose>Unspecified</pose>
			<truncated>0</truncated>
			<difficult>0</difficult>
			<bndbox>
				<xmin>120</xmin>
				<ymin>331</ymin>
				<xmax>232</xmax>
				<ymax>439</ymax>
			</bndbox>
		</object>
		<object>
			<name>RBC</name>
			<pose>Unspecified</pose>
			<truncated>0</truncated>
			<difficult>0</difficult>
			<bndbox>
				<xmin>170</xmin>
				<ymin>266</ymin>
				<xmax>260</xmax>
				<ymax>376</ymax>
			</bndbox>
		</object>
		<object>
			<name>RBC</name>
			<pose>Unspecified</pose>
			<truncated>0</truncated>
			<difficult>0</difficult>
			<bndbox>
				<xmin>192</xmin>
				<ymin>291</ymin>
				<xmax>282</xmax>
				<ymax>401</ymax>
			</bndbox>
		</object>
		<object>
			<name>RBC</name>
			<pose>Unspecified</pose>
			<truncated>0</truncated>
			<difficult>0</difficult>
			<bndbox>
				<xmin>214</xmin>
				<ymin>305</ymin>
				<xmax>304</xmax>
				<ymax>416</ymax>
			</bndbox>
		</object>
		<object>
			<name>RBC</name>
			<pose>Unspecified</pose>
			<truncated>0</truncated>
			<difficult>0</difficult>
			<bndbox>
				<xmin>248</xmin>
				<ymin>315</ymin>
				<xmax>338</xmax>
				<ymax>425</ymax>
			</bndbox>
		</object>
		<object>
			<name>RBC</name>
			<pose>Unspecified</pose>
			<truncated>0</truncated>
			<difficult>0</difficult>
			<bndbox>
				<xmin>495</xmin>
				<ymin>301</ymin>
				<xmax>602</xmax>
				<ymax>404</ymax>
			</bndbox>
		</object>
		<object>
			<name>RBC</name>
			<pose>Unspecified</pose>
			<truncated>0</truncated>
			<difficult>0</difficult>
			<bndbox>
				<xmin>534</xmin>
				<ymin>371</ymin>
				<xmax>638</xmax>
				<ymax>476</ymax>
			</bndbox>
		</object>
		<object>
			<name>RBC</name>
			<pose>Unspecified</pose>
			<truncated>0</truncated>
			<difficult>0</difficult>
			<bndbox>
				<xmin>511</xmin>
				<ymin>8</ymin>
				<xmax>617</xmax>
				<ymax>110</ymax>
			</bndbox>
		</object>
		<object>
			<name>RBC</name>
			<pose>Unspecified</pose>
			<truncated>0</truncated>
			<difficult>0</difficult>
			<bndbox>
				<xmin>515</xmin>
				<ymin>44</ymin>
				<xmax>638</xmax>
				<ymax>153</ymax>
			</bndbox>
		</object>
		<object>
			<name>RBC</name>
			<pose>Unspecified</pose>
			<truncated>0</truncated>
			<difficult>0</difficult>
			<bndbox>
				<xmin>19</xmin>
				<ymin>125</ymin>
				<xmax>143</xmax>
				<ymax>233</ymax>
			</bndbox>
		</object>
		<object>
			<name>RBC</name>
			<pose>Unspecified</pose>
			<truncated>0</truncated>
			<difficult>0</difficult>
			<bndbox>
				<xmin>71</xmin>
				<ymin>64</ymin>
				<xmax>195</xmax>
				<ymax>173</ymax>
			</bndbox>
		</object>
		<object>
			<name>RBC</name>
			<pose>Unspecified</pose>
			<truncated>0</truncated>
			<difficult>0</difficult>
			<bndbox>
				<xmin>20</xmin>
				<ymin>29</ymin>
				<xmax>145</xmax>
				<ymax>138</ymax>
			</bndbox>
		</object>
		<object>
			<name>RBC</name>
			<pose>Unspecified</pose>
			<truncated>0</truncated>
			<difficult>0</difficult>
			<bndbox>
				<xmin>271</xmin>
				<ymin>1</ymin>
				<xmax>394</xmax>
				<ymax>73</ymax>
			</bndbox>
		</object>
		<object>
			<name>RBC</name>
			<pose>Unspecified</pose>
			<truncated>0</truncated>
			<difficult>0</difficult>
			<bndbox>
				<xmin>256</xmin>
				<ymin>428</ymin>
				<xmax>342</xmax>
				<ymax>479</ymax>
			</bndbox>
		</object>
		<object>
			<name>RBC</name>
			<pose>Unspecified</pose>
			<truncated>0</truncated>
			<difficult>0</difficult>
			<bndbox>
				<xmin>301</xmin>
				<ymin>434</ymin>
				<xmax>385</xmax>
				<ymax>479</ymax>
			</bndbox>
		</object>
		<object>
			<name>RBC</name>
			<pose>Unspecified</pose>
			<truncated>0</truncated>
			<difficult>0</difficult>
			<bndbox>
				<xmin>328</xmin>
				<ymin>348</ymin>
				<xmax>426</xmax>
				<ymax>440</ymax>
			</bndbox>
		</object>
		<object>
			<name>RBC</name>
			<pose>Unspecified</pose>
			<truncated>0</truncated>
			<difficult>0</difficult>
			<bndbox>
				<xmin>363</xmin>
				<ymin>312</ymin>
				<xmax>464</xmax>
				<ymax>405</ymax>
			</bndbox>
		</object>
	</annotation>
