<?xml version="1.0" encoding="utf-8"?>
	<annotation>
		<folder>driving_annotation_dataset</folder>
		<filename>BloodImage_00156.jpg</filename>
		<size>
			<width>640</width>
			<height>480</height>
			<depth>3</depth>
		</size>
		<object>
			<name>RBC</name>
			<pose>Unspecified</pose>
			<truncated>0</truncated>
			<difficult>0</difficult>
			<bndbox>
				<xmin>170</xmin>
				<ymin>326</ymin>
				<xmax>298</xmax>
				<ymax>407</ymax>
			</bndbox>
		</object>
		<object>
			<name>RBC</name>
			<pose>Unspecified</pose>
			<truncated>0</truncated>
			<difficult>0</difficult>
			<bndbox>
				<xmin>216</xmin>
				<ymin>188</ymin>
				<xmax>342</xmax>
				<ymax>298</ymax>
			</bndbox>
		</object>
		<object>
			<name>RBC</name>
			<pose>Unspecified</pose>
			<truncated>0</truncated>
			<difficult>0</difficult>
			<bndbox>
				<xmin>94</xmin>
				<ymin>129</ymin>
				<xmax>180</xmax>
				<ymax>210</ymax>
			</bndbox>
		</object>
		<object>
			<name>RBC</name>
			<pose>Unspecified</pose>
			<truncated>0</truncated>
			<difficult>0</difficult>
			<bndbox>
				<xmin>106</xmin>
				<ymin>244</ymin>
				<xmax>196</xmax>
				<ymax>362</ymax>
			</bndbox>
		</object>
		<object>
			<name>RBC</name>
			<pose>Unspecified</pose>
			<truncated>0</truncated>
			<difficult>0</difficult>
			<bndbox>
				<xmin>6</xmin>
				<ymin>162</ymin>
				<xmax>110</xmax>
				<ymax>260</ymax>
			</bndbox>
		</object>
		<object>
			<name>RBC</name>
			<pose>Unspecified</pose>
			<truncated>0</truncated>
			<difficult>0</difficult>
			<bndbox>
				<xmin>4</xmin>
				<ymin>252</ymin>
				<xmax>120</xmax>
				<ymax>344</ymax>
			</bndbox>
		</object>
		<object>
			<name>RBC</name>
			<pose>Unspecified</pose>
			<truncated>0</truncated>
			<difficult>0</difficult>
			<bndbox>
				<xmin>300</xmin>
				<ymin>225</ymin>
				<xmax>416</xmax>
				<ymax>317</ymax>
			</bndbox>
		</object>
		<object>
			<name>RBC</name>
			<pose>Unspecified</pose>
			<truncated>0</truncated>
			<difficult>0</difficult>
			<bndbox>
				<xmin>375</xmin>
				<ymin>230</ymin>
				<xmax>499</xmax>
				<ymax>329</ymax>
			</bndbox>
		</object>
		<object>
			<name>RBC</name>
			<pose>Unspecified</pose>
			<truncated>0</truncated>
			<difficult>0</difficult>
			<bndbox>
				<xmin>160</xmin>
				<ymin>416</ymin>
				<xmax>281</xmax>
				<ymax>479</ymax>
			</bndbox>
		</object>
		<object>
			<name>Platelets</name>
			<pose>Unspecified</pose>
			<truncated>0</truncated>
			<difficult>0</difficult>
			<bndbox>
				<xmin>451</xmin>
				<ymin>400</ymin>
				<xmax>487</xmax>
				<ymax>435</ymax>
			</bndbox>
		</object>
		<object>
			<name>Platelets</name>
			<pose>Unspecified</pose>
			<truncated>0</truncated>
			<difficult>0</difficult>
			<bndbox>
				<xmin>382</xmin>
				<ymin>440</ymin>
				<xmax>434</xmax>
				<ymax>476</ymax>
			</bndbox>
		</object>
		<object>
			<name>Platelets</name>
			<pose>Unspecified</pose>
			<truncated>0</truncated>
			<difficult>0</difficult>
			<bndbox>
				<xmin>534</xmin>
				<ymin>370</ymin>
				<xmax>587</xmax>
				<ymax>427</ymax>
			</bndbox>
		</object>
		<object>
			<name>Platelets</name>
			<pose>Unspecified</pose>
			<truncated>0</truncated>
			<difficult>0</difficult>
			<bndbox>
				<xmin>464</xmin>
				<ymin>428</ymin>
				<xmax>517</xmax>
				<ymax>476</ymax>
			</bndbox>
		</object>
		<object>
			<name>Platelets</name>
			<pose>Unspecified</pose>
			<truncated>0</truncated>
			<difficult>0</difficult>
			<bndbox>
				<xmin>410</xmin>
				<ymin>59</ymin>
				<xmax>462</xmax>
				<ymax>98</ymax>
			</bndbox>
		</object>
		<object>
			<name>Platelets</name>
			<pose>Unspecified</pose>
			<truncated>0</truncated>
			<difficult>0</difficult>
			<bndbox>
				<xmin>71</xmin>
				<ymin>77</ymin>
				<xmax>103</xmax>
				<ymax>106</ymax>
			</bndbox>
		</object>
		<object>
			<name>WBC</name>
			<pose>Unspecified</pose>
			<truncated>0</truncated>
			<difficult>0</difficult>
			<bndbox>
				<xmin>7</xmin>
				<ymin>331</ymin>
				<xmax>140</xmax>
				<ymax>478</ymax>
			</bndbox>
		</object>
		<object>
			<name>RBC</name>
			<pose>Unspecified</pose>
			<truncated>0</truncated>
			<difficult>0</difficult>
			<bndbox>
				<xmin>165</xmin>
				<ymin>31</ymin>
				<xmax>243</xmax>
				<ymax>104</ymax>
			</bndbox>
		</object>
		<object>
			<name>RBC</name>
			<pose>Unspecified</pose>
			<truncated>0</truncated>
			<difficult>0</difficult>
			<bndbox>
				<xmin>207</xmin>
				<ymin>75</ymin>
				<xmax>292</xmax>
				<ymax>153</ymax>
			</bndbox>
		</object>
		<object>
			<name>RBC</name>
			<pose>Unspecified</pose>
			<truncated>0</truncated>
			<difficult>0</difficult>
			<bndbox>
				<xmin>258</xmin>
				<ymin>74</ymin>
				<xmax>336</xmax>
				<ymax>151</ymax>
			</bndbox>
		</object>
		<object>
			<name>RBC</name>
			<pose>Unspecified</pose>
			<truncated>0</truncated>
			<difficult>0</difficult>
			<bndbox>
				<xmin>285</xmin>
				<ymin>32</ymin>
				<xmax>365</xmax>
				<ymax>105</ymax>
			</bndbox>
		</object>
		<object>
			<name>RBC</name>
			<pose>Unspecified</pose>
			<truncated>0</truncated>
			<difficult>0</difficult>
			<bndbox>
				<xmin>108</xmin>
				<ymin>19</ymin>
				<xmax>177</xmax>
				<ymax>106</ymax>
			</bndbox>
		</object>
		<object>
			<name>RBC</name>
			<pose>Unspecified</pose>
			<truncated>0</truncated>
			<difficult>0</difficult>
			<bndbox>
				<xmin>331</xmin>
				<ymin>6</ymin>
				<xmax>415</xmax>
				<ymax>79</ymax>
			</bndbox>
		</object>
		<object>
			<name>RBC</name>
			<pose>Unspecified</pose>
			<truncated>0</truncated>
			<difficult>0</difficult>
			<bndbox>
				<xmin>523</xmin>
				<ymin>285</ymin>
				<xmax>586</xmax>
				<ymax>362</ymax>
			</bndbox>
		</object>
		<object>
			<name>RBC</name>
			<pose>Unspecified</pose>
			<truncated>0</truncated>
			<difficult>0</difficult>
			<bndbox>
				<xmin>561</xmin>
				<ymin>281</ymin>
				<xmax>637</xmax>
				<ymax>364</ymax>
			</bndbox>
		</object>
		<object>
			<name>RBC</name>
			<pose>Unspecified</pose>
			<truncated>0</truncated>
			<difficult>0</difficult>
			<bndbox>
				<xmin>544</xmin>
				<ymin>0</ymin>
				<xmax>640</xmax>
				<ymax>65</ymax>
			</bndbox>
		</object>
		<object>
			<name>RBC</name>
			<pose>Unspecified</pose>
			<truncated>0</truncated>
			<difficult>0</difficult>
			<bndbox>
				<xmin>222</xmin>
				<ymin>3</ymin>
				<xmax>319</xmax>
				<ymax>66</ymax>
			</bndbox>
		</object>
	</annotation>
