<?xml version="1.0" encoding="utf-8"?>
	<annotation>
		<folder>driving_annotation_dataset</folder>
		<filename>BloodImage_00376.jpg</filename>
		<size>
			<width>640</width>
			<height>480</height>
			<depth>3</depth>
		</size>
		<object>
			<name>RBC</name>
			<pose>Unspecified</pose>
			<truncated>0</truncated>
			<difficult>0</difficult>
			<bndbox>
				<xmin>260</xmin>
				<ymin>65</ymin>
				<xmax>385</xmax>
				<ymax>167</ymax>
			</bndbox>
		</object>
		<object>
			<name>RBC</name>
			<pose>Unspecified</pose>
			<truncated>0</truncated>
			<difficult>0</difficult>
			<bndbox>
				<xmin>169</xmin>
				<ymin>290</ymin>
				<xmax>281</xmax>
				<ymax>399</ymax>
			</bndbox>
		</object>
		<object>
			<name>RBC</name>
			<pose>Unspecified</pose>
			<truncated>0</truncated>
			<difficult>0</difficult>
			<bndbox>
				<xmin>278</xmin>
				<ymin>188</ymin>
				<xmax>372</xmax>
				<ymax>300</ymax>
			</bndbox>
		</object>
		<object>
			<name>RBC</name>
			<pose>Unspecified</pose>
			<truncated>0</truncated>
			<difficult>0</difficult>
			<bndbox>
				<xmin>454</xmin>
				<ymin>77</ymin>
				<xmax>562</xmax>
				<ymax>183</ymax>
			</bndbox>
		</object>
		<object>
			<name>RBC</name>
			<pose>Unspecified</pose>
			<truncated>0</truncated>
			<difficult>0</difficult>
			<bndbox>
				<xmin>365</xmin>
				<ymin>164</ymin>
				<xmax>461</xmax>
				<ymax>271</ymax>
			</bndbox>
		</object>
		<object>
			<name>RBC</name>
			<pose>Unspecified</pose>
			<truncated>0</truncated>
			<difficult>0</difficult>
			<bndbox>
				<xmin>83</xmin>
				<ymin>8</ymin>
				<xmax>179</xmax>
				<ymax>115</ymax>
			</bndbox>
		</object>
		<object>
			<name>RBC</name>
			<pose>Unspecified</pose>
			<truncated>0</truncated>
			<difficult>0</difficult>
			<bndbox>
				<xmin>2</xmin>
				<ymin>238</ymin>
				<xmax>74</xmax>
				<ymax>368</ymax>
			</bndbox>
		</object>
		<object>
			<name>RBC</name>
			<pose>Unspecified</pose>
			<truncated>0</truncated>
			<difficult>0</difficult>
			<bndbox>
				<xmin>537</xmin>
				<ymin>161</ymin>
				<xmax>639</xmax>
				<ymax>278</ymax>
			</bndbox>
		</object>
		<object>
			<name>RBC</name>
			<pose>Unspecified</pose>
			<truncated>0</truncated>
			<difficult>0</difficult>
			<bndbox>
				<xmin>322</xmin>
				<ymin>290</ymin>
				<xmax>408</xmax>
				<ymax>385</ymax>
			</bndbox>
		</object>
		<object>
			<name>RBC</name>
			<pose>Unspecified</pose>
			<truncated>0</truncated>
			<difficult>0</difficult>
			<bndbox>
				<xmin>46</xmin>
				<ymin>401</ymin>
				<xmax>160</xmax>
				<ymax>479</ymax>
			</bndbox>
		</object>
		<object>
			<name>WBC</name>
			<pose>Unspecified</pose>
			<truncated>0</truncated>
			<difficult>0</difficult>
			<bndbox>
				<xmin>376</xmin>
				<ymin>278</ymin>
				<xmax>607</xmax>
				<ymax>477</ymax>
			</bndbox>
		</object>
		<object>
			<name>RBC</name>
			<pose>Unspecified</pose>
			<truncated>0</truncated>
			<difficult>0</difficult>
			<bndbox>
				<xmin>2</xmin>
				<ymin>3</ymin>
				<xmax>51</xmax>
				<ymax>82</ymax>
			</bndbox>
		</object>
		<object>
			<name>RBC</name>
			<pose>Unspecified</pose>
			<truncated>0</truncated>
			<difficult>0</difficult>
			<bndbox>
				<xmin>80</xmin>
				<ymin>119</ymin>
				<xmax>176</xmax>
				<ymax>214</ymax>
			</bndbox>
		</object>
		<object>
			<name>RBC</name>
			<pose>Unspecified</pose>
			<truncated>0</truncated>
			<difficult>0</difficult>
			<bndbox>
				<xmin>162</xmin>
				<ymin>395</ymin>
				<xmax>270</xmax>
				<ymax>479</ymax>
			</bndbox>
		</object>
		<object>
			<name>RBC</name>
			<pose>Unspecified</pose>
			<truncated>0</truncated>
			<difficult>0</difficult>
			<bndbox>
				<xmin>74</xmin>
				<ymin>206</ymin>
				<xmax>194</xmax>
				<ymax>305</ymax>
			</bndbox>
		</object>
		<object>
			<name>RBC</name>
			<pose>Unspecified</pose>
			<truncated>0</truncated>
			<difficult>0</difficult>
			<bndbox>
				<xmin>56</xmin>
				<ymin>266</ymin>
				<xmax>137</xmax>
				<ymax>357</ymax>
			</bndbox>
		</object>
		<object>
			<name>RBC</name>
			<pose>Unspecified</pose>
			<truncated>0</truncated>
			<difficult>0</difficult>
			<bndbox>
				<xmin>223</xmin>
				<ymin>410</ymin>
				<xmax>310</xmax>
				<ymax>478</ymax>
			</bndbox>
		</object>
		<object>
			<name>RBC</name>
			<pose>Unspecified</pose>
			<truncated>0</truncated>
			<difficult>0</difficult>
			<bndbox>
				<xmin>275</xmin>
				<ymin>397</ymin>
				<xmax>374</xmax>
				<ymax>478</ymax>
			</bndbox>
		</object>
	</annotation>
