<?xml version="1.0" encoding="utf-8"?>
	<annotation>
		<folder>driving_annotation_dataset</folder>
		<filename>BloodImage_00187.jpg</filename>
		<size>
			<width>640</width>
			<height>480</height>
			<depth>3</depth>
		</size>
		<object>
			<name>Platelets</name>
			<pose>Unspecified</pose>
			<truncated>0</truncated>
			<difficult>0</difficult>
			<bndbox>
				<xmin>75</xmin>
				<ymin>314</ymin>
				<xmax>111</xmax>
				<ymax>353</ymax>
			</bndbox>
		</object>
		<object>
			<name>WBC</name>
			<pose>Unspecified</pose>
			<truncated>0</truncated>
			<difficult>0</difficult>
			<bndbox>
				<xmin>160</xmin>
				<ymin>229</ymin>
				<xmax>405</xmax>
				<ymax>469</ymax>
			</bndbox>
		</object>
		<object>
			<name>RBC</name>
			<pose>Unspecified</pose>
			<truncated>0</truncated>
			<difficult>0</difficult>
			<bndbox>
				<xmin>401</xmin>
				<ymin>58</ymin>
				<xmax>497</xmax>
				<ymax>170</ymax>
			</bndbox>
		</object>
		<object>
			<name>RBC</name>
			<pose>Unspecified</pose>
			<truncated>0</truncated>
			<difficult>0</difficult>
			<bndbox>
				<xmin>443</xmin>
				<ymin>66</ymin>
				<xmax>549</xmax>
				<ymax>192</ymax>
			</bndbox>
		</object>
		<object>
			<name>RBC</name>
			<pose>Unspecified</pose>
			<truncated>0</truncated>
			<difficult>0</difficult>
			<bndbox>
				<xmin>193</xmin>
				<ymin>137</ymin>
				<xmax>308</xmax>
				<ymax>249</ymax>
			</bndbox>
		</object>
		<object>
			<name>RBC</name>
			<pose>Unspecified</pose>
			<truncated>0</truncated>
			<difficult>0</difficult>
			<bndbox>
				<xmin>23</xmin>
				<ymin>47</ymin>
				<xmax>138</xmax>
				<ymax>158</ymax>
			</bndbox>
		</object>
		<object>
			<name>RBC</name>
			<pose>Unspecified</pose>
			<truncated>0</truncated>
			<difficult>0</difficult>
			<bndbox>
				<xmin>135</xmin>
				<ymin>49</ymin>
				<xmax>250</xmax>
				<ymax>161</ymax>
			</bndbox>
		</object>
		<object>
			<name>RBC</name>
			<pose>Unspecified</pose>
			<truncated>0</truncated>
			<difficult>0</difficult>
			<bndbox>
				<xmin>459</xmin>
				<ymin>268</ymin>
				<xmax>566</xmax>
				<ymax>368</ymax>
			</bndbox>
		</object>
		<object>
			<name>RBC</name>
			<pose>Unspecified</pose>
			<truncated>0</truncated>
			<difficult>0</difficult>
			<bndbox>
				<xmin>4</xmin>
				<ymin>155</ymin>
				<xmax>86</xmax>
				<ymax>240</ymax>
			</bndbox>
		</object>
		<object>
			<name>RBC</name>
			<pose>Unspecified</pose>
			<truncated>0</truncated>
			<difficult>0</difficult>
			<bndbox>
				<xmin>350</xmin>
				<ymin>169</ymin>
				<xmax>429</xmax>
				<ymax>268</ymax>
			</bndbox>
		</object>
		<object>
			<name>RBC</name>
			<pose>Unspecified</pose>
			<truncated>0</truncated>
			<difficult>0</difficult>
			<bndbox>
				<xmin>292</xmin>
				<ymin>109</ymin>
				<xmax>390</xmax>
				<ymax>203</ymax>
			</bndbox>
		</object>
		<object>
			<name>RBC</name>
			<pose>Unspecified</pose>
			<truncated>0</truncated>
			<difficult>0</difficult>
			<bndbox>
				<xmin>540</xmin>
				<ymin>160</ymin>
				<xmax>629</xmax>
				<ymax>248</ymax>
			</bndbox>
		</object>
		<object>
			<name>RBC</name>
			<pose>Unspecified</pose>
			<truncated>0</truncated>
			<difficult>0</difficult>
			<bndbox>
				<xmin>544</xmin>
				<ymin>293</ymin>
				<xmax>625</xmax>
				<ymax>368</ymax>
			</bndbox>
		</object>
		<object>
			<name>RBC</name>
			<pose>Unspecified</pose>
			<truncated>0</truncated>
			<difficult>0</difficult>
			<bndbox>
				<xmin>81</xmin>
				<ymin>1</ymin>
				<xmax>188</xmax>
				<ymax>45</ymax>
			</bndbox>
		</object>
		<object>
			<name>RBC</name>
			<pose>Unspecified</pose>
			<truncated>0</truncated>
			<difficult>0</difficult>
			<bndbox>
				<xmin>458</xmin>
				<ymin>1</ymin>
				<xmax>546</xmax>
				<ymax>64</ymax>
			</bndbox>
		</object>
		<object>
			<name>RBC</name>
			<pose>Unspecified</pose>
			<truncated>0</truncated>
			<difficult>0</difficult>
			<bndbox>
				<xmin>406</xmin>
				<ymin>180</ymin>
				<xmax>483</xmax>
				<ymax>278</ymax>
			</bndbox>
		</object>
		<object>
			<name>RBC</name>
			<pose>Unspecified</pose>
			<truncated>0</truncated>
			<difficult>0</difficult>
			<bndbox>
				<xmin>294</xmin>
				<ymin>3</ymin>
				<xmax>375</xmax>
				<ymax>95</ymax>
			</bndbox>
		</object>
		<object>
			<name>RBC</name>
			<pose>Unspecified</pose>
			<truncated>0</truncated>
			<difficult>0</difficult>
			<bndbox>
				<xmin>344</xmin>
				<ymin>4</ymin>
				<xmax>421</xmax>
				<ymax>88</ymax>
			</bndbox>
		</object>
	</annotation>
