<?xml version="1.0" encoding="utf-8"?>
	<annotation>
		<folder>driving_annotation_dataset</folder>
		<filename>BloodImage_00081.jpg</filename>
		<size>
			<width>640</width>
			<height>480</height>
			<depth>3</depth>
		</size>
		<object>
			<name>RBC</name>
			<pose>Unspecified</pose>
			<truncated>0</truncated>
			<difficult>0</difficult>
			<bndbox>
				<xmin>347</xmin>
				<ymin>196</ymin>
				<xmax>458</xmax>
				<ymax>280</ymax>
			</bndbox>
		</object>
		<object>
			<name>RBC</name>
			<pose>Unspecified</pose>
			<truncated>0</truncated>
			<difficult>0</difficult>
			<bndbox>
				<xmin>244</xmin>
				<ymin>266</ymin>
				<xmax>354</xmax>
				<ymax>350</ymax>
			</bndbox>
		</object>
		<object>
			<name>RBC</name>
			<pose>Unspecified</pose>
			<truncated>0</truncated>
			<difficult>0</difficult>
			<bndbox>
				<xmin>240</xmin>
				<ymin>175</ymin>
				<xmax>345</xmax>
				<ymax>272</ymax>
			</bndbox>
		</object>
		<object>
			<name>RBC</name>
			<pose>Unspecified</pose>
			<truncated>0</truncated>
			<difficult>0</difficult>
			<bndbox>
				<xmin>233</xmin>
				<ymin>2</ymin>
				<xmax>337</xmax>
				<ymax>89</ymax>
			</bndbox>
		</object>
		<object>
			<name>RBC</name>
			<pose>Unspecified</pose>
			<truncated>0</truncated>
			<difficult>0</difficult>
			<bndbox>
				<xmin>105</xmin>
				<ymin>2</ymin>
				<xmax>213</xmax>
				<ymax>107</ymax>
			</bndbox>
		</object>
		<object>
			<name>RBC</name>
			<pose>Unspecified</pose>
			<truncated>0</truncated>
			<difficult>0</difficult>
			<bndbox>
				<xmin>300</xmin>
				<ymin>61</ymin>
				<xmax>417</xmax>
				<ymax>164</ymax>
			</bndbox>
		</object>
		<object>
			<name>RBC</name>
			<pose>Unspecified</pose>
			<truncated>0</truncated>
			<difficult>0</difficult>
			<bndbox>
				<xmin>499</xmin>
				<ymin>29</ymin>
				<xmax>615</xmax>
				<ymax>128</ymax>
			</bndbox>
		</object>
		<object>
			<name>RBC</name>
			<pose>Unspecified</pose>
			<truncated>0</truncated>
			<difficult>0</difficult>
			<bndbox>
				<xmin>9</xmin>
				<ymin>285</ymin>
				<xmax>114</xmax>
				<ymax>382</ymax>
			</bndbox>
		</object>
		<object>
			<name>RBC</name>
			<pose>Unspecified</pose>
			<truncated>0</truncated>
			<difficult>0</difficult>
			<bndbox>
				<xmin>211</xmin>
				<ymin>368</ymin>
				<xmax>315</xmax>
				<ymax>464</ymax>
			</bndbox>
		</object>
		<object>
			<name>RBC</name>
			<pose>Unspecified</pose>
			<truncated>0</truncated>
			<difficult>0</difficult>
			<bndbox>
				<xmin>494</xmin>
				<ymin>98</ymin>
				<xmax>599</xmax>
				<ymax>195</ymax>
			</bndbox>
		</object>
		<object>
			<name>RBC</name>
			<pose>Unspecified</pose>
			<truncated>0</truncated>
			<difficult>0</difficult>
			<bndbox>
				<xmin>444</xmin>
				<ymin>2</ymin>
				<xmax>514</xmax>
				<ymax>68</ymax>
			</bndbox>
		</object>
		<object>
			<name>RBC</name>
			<pose>Unspecified</pose>
			<truncated>0</truncated>
			<difficult>0</difficult>
			<bndbox>
				<xmin>15</xmin>
				<ymin>406</ymin>
				<xmax>97</xmax>
				<ymax>479</ymax>
			</bndbox>
		</object>
		<object>
			<name>RBC</name>
			<pose>Unspecified</pose>
			<truncated>0</truncated>
			<difficult>0</difficult>
			<bndbox>
				<xmin>150</xmin>
				<ymin>279</ymin>
				<xmax>236</xmax>
				<ymax>362</ymax>
			</bndbox>
		</object>
		<object>
			<name>RBC</name>
			<pose>Unspecified</pose>
			<truncated>0</truncated>
			<difficult>0</difficult>
			<bndbox>
				<xmin>137</xmin>
				<ymin>382</ymin>
				<xmax>213</xmax>
				<ymax>460</ymax>
			</bndbox>
		</object>
		<object>
			<name>WBC</name>
			<pose>Unspecified</pose>
			<truncated>0</truncated>
			<difficult>0</difficult>
			<bndbox>
				<xmin>302</xmin>
				<ymin>346</ymin>
				<xmax>452</xmax>
				<ymax>463</ymax>
			</bndbox>
		</object>
		<object>
			<name>Platelets</name>
			<pose>Unspecified</pose>
			<truncated>0</truncated>
			<difficult>0</difficult>
			<bndbox>
				<xmin>359</xmin>
				<ymin>301</ymin>
				<xmax>403</xmax>
				<ymax>347</ymax>
			</bndbox>
		</object>
		<object>
			<name>Platelets</name>
			<pose>Unspecified</pose>
			<truncated>0</truncated>
			<difficult>0</difficult>
			<bndbox>
				<xmin>250</xmin>
				<ymin>88</ymin>
				<xmax>294</xmax>
				<ymax>134</ymax>
			</bndbox>
		</object>
	</annotation>
