<?xml version="1.0" encoding="utf-8"?>
	<annotation>
		<folder>driving_annotation_dataset</folder>
		<filename>BloodImage_00351.jpg</filename>
		<size>
			<width>640</width>
			<height>480</height>
			<depth>3</depth>
		</size>
		<object>
			<name>RBC</name>
			<pose>Unspecified</pose>
			<truncated>0</truncated>
			<difficult>0</difficult>
			<bndbox>
				<xmin>115</xmin>
				<ymin>109</ymin>
				<xmax>231</xmax>
				<ymax>223</ymax>
			</bndbox>
		</object>
		<object>
			<name>RBC</name>
			<pose>Unspecified</pose>
			<truncated>0</truncated>
			<difficult>0</difficult>
			<bndbox>
				<xmin>48</xmin>
				<ymin>26</ymin>
				<xmax>149</xmax>
				<ymax>139</ymax>
			</bndbox>
		</object>
		<object>
			<name>RBC</name>
			<pose>Unspecified</pose>
			<truncated>0</truncated>
			<difficult>0</difficult>
			<bndbox>
				<xmin>227</xmin>
				<ymin>72</ymin>
				<xmax>297</xmax>
				<ymax>175</ymax>
			</bndbox>
		</object>
		<object>
			<name>RBC</name>
			<pose>Unspecified</pose>
			<truncated>0</truncated>
			<difficult>0</difficult>
			<bndbox>
				<xmin>204</xmin>
				<ymin>178</ymin>
				<xmax>318</xmax>
				<ymax>289</ymax>
			</bndbox>
		</object>
		<object>
			<name>RBC</name>
			<pose>Unspecified</pose>
			<truncated>0</truncated>
			<difficult>0</difficult>
			<bndbox>
				<xmin>193</xmin>
				<ymin>283</ymin>
				<xmax>292</xmax>
				<ymax>383</ymax>
			</bndbox>
		</object>
		<object>
			<name>RBC</name>
			<pose>Unspecified</pose>
			<truncated>0</truncated>
			<difficult>0</difficult>
			<bndbox>
				<xmin>301</xmin>
				<ymin>248</ymin>
				<xmax>413</xmax>
				<ymax>353</ymax>
			</bndbox>
		</object>
		<object>
			<name>RBC</name>
			<pose>Unspecified</pose>
			<truncated>0</truncated>
			<difficult>0</difficult>
			<bndbox>
				<xmin>504</xmin>
				<ymin>353</ymin>
				<xmax>634</xmax>
				<ymax>471</ymax>
			</bndbox>
		</object>
		<object>
			<name>RBC</name>
			<pose>Unspecified</pose>
			<truncated>0</truncated>
			<difficult>0</difficult>
			<bndbox>
				<xmin>24</xmin>
				<ymin>231</ymin>
				<xmax>126</xmax>
				<ymax>336</ymax>
			</bndbox>
		</object>
		<object>
			<name>RBC</name>
			<pose>Unspecified</pose>
			<truncated>0</truncated>
			<difficult>0</difficult>
			<bndbox>
				<xmin>43</xmin>
				<ymin>292</ymin>
				<xmax>167</xmax>
				<ymax>418</ymax>
			</bndbox>
		</object>
		<object>
			<name>RBC</name>
			<pose>Unspecified</pose>
			<truncated>0</truncated>
			<difficult>0</difficult>
			<bndbox>
				<xmin>315</xmin>
				<ymin>139</ymin>
				<xmax>422</xmax>
				<ymax>241</ymax>
			</bndbox>
		</object>
		<object>
			<name>RBC</name>
			<pose>Unspecified</pose>
			<truncated>0</truncated>
			<difficult>0</difficult>
			<bndbox>
				<xmin>456</xmin>
				<ymin>45</ymin>
				<xmax>590</xmax>
				<ymax>131</ymax>
			</bndbox>
		</object>
		<object>
			<name>RBC</name>
			<pose>Unspecified</pose>
			<truncated>0</truncated>
			<difficult>0</difficult>
			<bndbox>
				<xmin>309</xmin>
				<ymin>1</ymin>
				<xmax>425</xmax>
				<ymax>88</ymax>
			</bndbox>
		</object>
		<object>
			<name>RBC</name>
			<pose>Unspecified</pose>
			<truncated>0</truncated>
			<difficult>0</difficult>
			<bndbox>
				<xmin>223</xmin>
				<ymin>1</ymin>
				<xmax>319</xmax>
				<ymax>82</ymax>
			</bndbox>
		</object>
		<object>
			<name>RBC</name>
			<pose>Unspecified</pose>
			<truncated>0</truncated>
			<difficult>0</difficult>
			<bndbox>
				<xmin>371</xmin>
				<ymin>361</ymin>
				<xmax>489</xmax>
				<ymax>478</ymax>
			</bndbox>
		</object>
		<object>
			<name>Platelets</name>
			<pose>Unspecified</pose>
			<truncated>0</truncated>
			<difficult>0</difficult>
			<bndbox>
				<xmin>148</xmin>
				<ymin>327</ymin>
				<xmax>181</xmax>
				<ymax>357</ymax>
			</bndbox>
		</object>
		<object>
			<name>Platelets</name>
			<pose>Unspecified</pose>
			<truncated>0</truncated>
			<difficult>0</difficult>
			<bndbox>
				<xmin>201</xmin>
				<ymin>397</ymin>
				<xmax>245</xmax>
				<ymax>439</ymax>
			</bndbox>
		</object>
		<object>
			<name>WBC</name>
			<pose>Unspecified</pose>
			<truncated>0</truncated>
			<difficult>0</difficult>
			<bndbox>
				<xmin>380</xmin>
				<ymin>111</ymin>
				<xmax>621</xmax>
				<ymax>371</ymax>
			</bndbox>
		</object>
		<object>
			<name>RBC</name>
			<pose>Unspecified</pose>
			<truncated>0</truncated>
			<difficult>0</difficult>
			<bndbox>
				<xmin>3</xmin>
				<ymin>3</ymin>
				<xmax>77</xmax>
				<ymax>69</ymax>
			</bndbox>
		</object>
		<object>
			<name>RBC</name>
			<pose>Unspecified</pose>
			<truncated>0</truncated>
			<difficult>0</difficult>
			<bndbox>
				<xmin>3</xmin>
				<ymin>78</ymin>
				<xmax>35</xmax>
				<ymax>150</ymax>
			</bndbox>
		</object>
		<object>
			<name>RBC</name>
			<pose>Unspecified</pose>
			<truncated>0</truncated>
			<difficult>0</difficult>
			<bndbox>
				<xmin>344</xmin>
				<ymin>46</ymin>
				<xmax>444</xmax>
				<ymax>136</ymax>
			</bndbox>
		</object>
		<object>
			<name>RBC</name>
			<pose>Unspecified</pose>
			<truncated>0</truncated>
			<difficult>0</difficult>
			<bndbox>
				<xmin>270</xmin>
				<ymin>430</ymin>
				<xmax>367</xmax>
				<ymax>480</ymax>
			</bndbox>
		</object>
		<object>
			<name>RBC</name>
			<pose>Unspecified</pose>
			<truncated>0</truncated>
			<difficult>0</difficult>
			<bndbox>
				<xmin>62</xmin>
				<ymin>420</ymin>
				<xmax>140</xmax>
				<ymax>478</ymax>
			</bndbox>
		</object>
		<object>
			<name>RBC</name>
			<pose>Unspecified</pose>
			<truncated>0</truncated>
			<difficult>0</difficult>
			<bndbox>
				<xmin>4</xmin>
				<ymin>392</ymin>
				<xmax>63</xmax>
				<ymax>479</ymax>
			</bndbox>
		</object>
	</annotation>
